feature,coefficient
lag_1,0.9013004953703677
lag_24_mean,0.0638294329883664
lag_168_mean,0.03458274897110706
