model,MAE,RMSE,MAPE
baseline_fast_persistence,7.27782094131785,8.283857071246771,7.948124296598938
HAR_reconciled,88.1511228121351,88.56092923239868,95.84830873931199
