model,MAE,RMSE,MAPE
baseline_fast_persistence,7.27782094131785,8.283857071246771,7.948124296598938
HAR_reconciled_Huber,6.5913804683073165,7.428476756510295,7.187902199008275
